carnet,nombre
201114472,Liam
201115239,Olivia
201115043,Noah
201114772,Oliver
201114996,William
201114794,Elijah
201114976,James
201115306,Benjamin
201114915,Lucas
201115067,Mason
201115043,Ethan
201115077,Emma
201114368,Ava
201115035,Sophia
201114383,Isabella
201114580,Charlotte
201114424,Amelia
201114926,Mia
201114561,Harper
201114590,Evelyn
201114428,Liam
201114735,Olivia
201115048,Noah
201115261,Oliver
201114916,William
201114416,Elijah
201115232,James
201115333,Benjamin
201115015,Lucas
201115003,Mason
201114803,Ethan
201114761,Emma
201114954,Ava
201115004,Sophia
201115148,Isabella
201114685,Charlotte
201115249,Amelia
201115182,Mia
201115097,Harper
201114430,Evelyn
201114491,Liam
201114805,Olivia
201115013,Noah
201114402,Oliver
201114602,William
201114419,Elijah
201114729,James
201115201,Benjamin
201114888,Lucas
201114475,Mason
201114883,Ethan
201114966,Emma
201114554,Ava
201114956,Sophia
201114829,Isabella
201114601,Charlotte
201114394,Amelia
201115078,Mia
201114480,Harper
201114670,Evelyn
201115273,Liam
201115104,Olivia
201115029,Noah
201114770,Oliver
201114858,William
201114718,Elijah
201115120,James
201114683,Benjamin
201115219,Lucas
201114951,Mason
201114563,Ethan
201114714,Emma
201114836,Ava
201114692,Sophia
201114475,Isabella
201114454,Charlotte
201114938,Amelia
201115062,Mia
201115047,Harper
201115169,Evelyn
201114492,Liam
201115033,Olivia
201114735,Noah
201114443,Oliver
201114446,William
201114657,Elijah
201115159,James
201115110,Benjamin
201114768,Lucas
201114942,Mason
201114510,Ethan
201114775,Emma
201114607,Ava
201114596,Sophia
201115144,Isabella
201114813,Charlotte
201114492,Amelia
201115182,Mia
201114979,Harper
201114680,Evelyn
201114542,Liam
201114508,Olivia
201115119,Noah
201114425,Oliver
201114652,William
201114405,Elijah
201114584,James
201114876,Benjamin
201114689,Lucas
201114898,Mason
201114366,Ethan
201115290,Emma
201115188,Ava
201114460,Sophia
201115105,Isabella
201114874,Charlotte
201115156,Amelia
201114493,Mia
201114501,Harper
201115116,Evelyn
201114730,Liam
201114971,Olivia
201114336,Noah
201114374,Oliver
201114541,William
201114775,Elijah
201114628,James
201114447,Benjamin
201114646,Lucas
201114403,Mason
201115314,Ethan
201115253,Emma
201115102,Ava
201115106,Sophia
201114493,Isabella
201114750,Charlotte
201115336,Amelia
201115090,Mia
201115127,Harper
201114364,Evelyn
201114392,Liam
201115213,Olivia
201114492,Noah
201114412,Oliver
201114714,William
201114952,Elijah
201115165,James
201114391,Benjamin
201114657,Lucas
201114965,Mason
201114753,Ethan
201114840,Emma
201114370,Ava
201114934,Sophia
201115175,Isabella
201115150,Charlotte
201114664,Amelia
201115302,Mia
201115176,Harper
201114981,Evelyn
201114795,Liam
201114564,Olivia
201115211,Noah
201114711,Oliver
201114547,William
201114812,Elijah
201114871,James
201114863,Benjamin
201114452,Lucas
201114887,Mason
201115143,Ethan
201115097,Emma
201114424,Ava
201115271,Sophia
201114641,Isabella
201114639,Charlotte
201114343,Amelia
201114994,Mia
201114686,Harper
201115278,Evelyn
201114480,Liam
201114925,Olivia
201114540,Noah
201114563,Oliver
201115311,William
201114744,Elijah
201114710,James
201114512,Benjamin
201114577,Lucas
201114500,Mason
201114544,Ethan
201115169,Emma
201115247,Ava
201115034,Sophia
201114643,Isabella
201114530,Charlotte
201115230,Amelia
201115167,Mia
201114612,Harper
201115034,Evelyn
201114555,Liam
201115126,Olivia
201114892,Noah
201114729,Oliver
201115319,William
201114888,Elijah
201114782,James
201115019,Benjamin
201115070,Lucas
201114894,Mason
201114688,Ethan
201114525,Emma
201115075,Ava
201114585,Sophia
201114740,Isabella
201114921,Charlotte
201114792,Amelia
201115159,Mia
201114859,Harper
201114407,Evelyn
201114630,Liam
201114460,Olivia
201114921,Noah
201114336,Oliver
201115201,William
201114581,Elijah
201114531,James
201115104,Benjamin
201114922,Lucas
201114774,Mason
201114511,Ethan
201114873,Emma
201115190,Ava
201115012,Sophia
201115206,Isabella
201114693,Charlotte
201115009,Amelia
201114988,Mia
201114924,Harper
201114861,Evelyn
201115059,Liam
201114455,Olivia
201114961,Noah
201114857,Oliver
201115295,William
201115032,Elijah
201114805,James
201114451,Benjamin
201114718,Lucas
201115166,Mason
201114925,Ethan
201115303,Emma
201115207,Ava
201115233,Sophia
201114795,Isabella
201114642,Charlotte
201115223,Amelia
201114470,Mia
201114456,Harper
201114986,Evelyn
201114511,Liam
201115120,Olivia
201114563,Noah
201115233,Oliver
201115108,William
201114781,Elijah
201115180,James
201114663,Benjamin
201114679,Lucas
201114843,Mason
201114391,Ethan
201114760,Emma
201115122,Ava
201114547,Sophia
201114584,Isabella
201115162,Charlotte
201114779,Amelia
201114396,Mia
201114947,Harper
201114613,Evelyn
201114586,Liam
201114855,Olivia
201114857,Noah
201114390,Oliver
201114952,William
201114898,Elijah
201114547,James
201115303,Benjamin
201114580,Lucas
201115191,Mason
201114556,Ethan
201114397,Emma
201115194,Ava
201115214,Sophia
201114717,Isabella
201115189,Charlotte
201114898,Amelia
201114963,Mia
201114990,Harper
201115282,Evelyn
201114689,Liam
201114599,Olivia
201114946,Noah
201115045,Oliver
201114456,William
201114690,Elijah
201115209,James
201114775,Benjamin
201114928,Lucas
201114705,Mason
201115062,Ethan
201114617,Emma
201114620,Ava
201115168,Sophia
201114615,Isabella
201114674,Charlotte
201115184,Amelia
201114971,Mia
201114511,Harper
201114858,Evelyn
201115322,Liam
201114691,Olivia
201114582,Noah
201114564,Oliver
201115249,William
201115201,Elijah
201114823,James
201115172,Benjamin
201114336,Lucas
201115188,Mason
201114340,Ethan
201115200,Emma
201114511,Ava
201114576,Sophia
201115165,Isabella
201114943,Charlotte
201114563,Amelia
201114504,Mia
201114708,Harper
201114643,Evelyn
201114807,Liam
201114915,Olivia
201114505,Noah
201114555,Oliver
201115134,William
201114421,Elijah
201114981,James
201114339,Benjamin
201115328,Lucas
201114954,Mason
201114760,Ethan
201114624,Emma
201114798,Ava
201114931,Sophia
201115043,Isabella
201114385,Charlotte
201114396,Amelia
201114669,Mia
201114621,Harper
201114633,Evelyn
201115208,Liam
201115070,Olivia
201114391,Noah
201115124,Oliver
201114725,William
201114676,Elijah
201115021,James
201114351,Benjamin
201114971,Lucas
201115103,Mason
201114532,Ethan
201114887,Emma
201115294,Ava
201115255,Sophia
201114448,Isabella
201114727,Charlotte
201114360,Amelia
201114687,Mia
201114953,Harper
201114920,Evelyn
201114794,Liam
201114413,Olivia
201114521,Noah
201114754,Oliver
201114878,William
201115244,Elijah
201115137,James
201114430,Benjamin
201115203,Lucas
201115145,Mason
201114829,Ethan
201115230,Emma
201115064,Ava
201115095,Sophia
201114401,Isabella
201114381,Charlotte
201115060,Amelia
201115165,Mia
201114728,Harper
201115255,Evelyn
